{
  "tableau": {
    "server": {
      "host": "tableau.example.com",
      "port": 80,
      "use_ssl": false,
      "site_id": "default"
    },
    "authentication": {
      "method": "token",
      "username": "admin",
      "token_name": "api_token",
      "token_value": "${TABLEAU_TOKEN}"
    },
    "api": {
      "version": "2.8",
      "timeout": 30
    }
  },
  "database": {
    "type": "postgresql",
    "host": "db.example.com",
    "port": 5432,
    "name": "analytics_db",
    "username": "tableau_user",
    "password": "${DB_PASSWORD}",
    "ssl_mode": "require"
  },
  "data_sources": [
    {
      "name": "ingestion_metrics",
      "table": "data_ingestion",
      "refresh_schedule": "0 */6 * * *",
      "enabled": true
    },
    {
      "name": "feature_engineering",
      "table": "feature_stats",
      "refresh_schedule": "0 */6 * * *",
      "enabled": true
    },
    {
      "name": "model_training",
      "table": "training_metrics",
      "refresh_schedule": "0 */4 * * *",
      "enabled": true
    },
    {
      "name": "evaluation_results",
      "table": "evaluation_metrics",
      "refresh_schedule": "0 */2 * * *",
      "enabled": true
    }
  ],
  "dashboards": [
    {
      "id": "dashboard_1",
      "name": "Data Ingestion Overview",
      "path": "/dashboards/ingestion",
      "description": "Real-time metrics for data ingestion pipeline",
      "owner": "data_team",
      "refresh_interval_minutes": 360
    },
    {
      "id": "dashboard2",
      "name": "Feature Engineering Analysis",
      "path": "/dashboards/features",
      "description": "Analysis of engineered features",
      "owner": "data_team",
      "refresh_interval_minutes": 360
    },
    {
      "id": "dashboard_3",
      "name": "Model Training Progress",
      "path": "/dashboards/training",
      "description": "Real-time training metrics and progress",
      "owner": "ml_team",
      "refresh_interval_minutes": 240
    },
    {
      "id": "dashboard4",
      "name": "Model Evaluation Results",
      "path": "/dashboards/evaluation",
      "description": "Model performance and evaluation metrics",
      "owner": "ml_team",
      "refresh_interval_minutes": 120
    }
  ],
  "users": {
    "default_role": "Viewer",
    "admin_group": "Tableau_Admins",
    "viewer_group": "Tableau_Viewers"
  },
  "permissions": {
    "enable_download": true,
    "enable_export": true,
    "enable_sharing": true,
    "data_policy": "row_level_security"
  },
  "advanced": {
    "cache_enabled": true,
    "cache_ttl_minutes": 60,
    "compression": true,
    "performance_optimization": true,
    "query_timeout_seconds": 600
  },
  "alerts": {
    "enabled": true,
    "admin_email": "admin@example.com",
    "alert_rules": [
      {
        "name": "ingestion_failure",
        "metric": "ingestion_success_rate",
        "threshold": 0.95,
        "operator": "less_than",
        "notification": "email"
      },
      {
        "name": "high_latency",
        "metric": "query_latency_ms",
        "threshold": 5000,
        "operator": "greater_than",
        "notification": "email_and_slack"
      }
    ]
  }
}
